Id,Name
0,hongzimao
1,harleybeauu
2,QuiteDeepNFTs
3,0xWui
4,ippei00011
5,IByteYourBits
6,web30g
7,DnfNicky
8,ape_sales_bot
9,CryptoMcSteamy
10,moneyfreedom35
11,Brandon09315330
12,0xElm0
13,DaleEth_
14,LargeEyes00
15,pudgylicious
16,PudgyCMO
17,BuzzedBeeETH
18,eikodev
19,BenAddy
20,NSurf904
21,BearRepeller
22,kunyu_wu
23,tongshengzhe
24,OfficialTravlad
25,AaronHaber
26,coopernicus01
27,fxtson
28,GingerMallard
29,_0xtc
30,coo1estkitten
31,LeFrenchETH
32,lostcowboy_
33,DefiBanker
34,DS_Blockchain
35,GlazzApe777
36,dylanorrelI
37,nextlevel
38,k_wrigley87
39,BakiXBT
40,eonjaee
41,kikthehive
42,Maxxam___
43,HerroCrypto
44,RikyCantori
45,P1ckle__
46,defvoide
47,0xjck
48,_PlayersClubNFT
49,GutterAndd
50,DegenCache
51,YellowSub_420
52,plekudon
53,Permetheus0x0
